author_id,created_at,id,lang,public_metrics_like_count,public_metrics_quote_count,public_metrics_reply_count,public_metrics_retweet_count,text
1389950781361692672,2021-11-19 17:03:12+00:00,1461741864470654982,en,2401,251,209,206,she didn't even follow the boys
1307713125882372096,2021-11-19 13:08:03+00:00,1461682685017923584,en,5930,481,270,4660,"‚ÄºÔ∏è Thread on Whats Happening ‚ÄºÔ∏è
 
#EndViolence 
WE STAND WITH BANGLADESH ARMY 

üö® Please give this a read üö®"
1329631671310643201,2021-11-18 20:56:49+00:00,1461438264364056578,en,25,1,0,21,"Okay, so they won't let us speak or listen to our concerns, then let's create our own and speak for ourselves!

#BTSARMY 
#TwitterMaliciousDMCA
#TwitterFakeCopyrights 
https://t.co/9cVPQfJ0rL"
29862970,2021-11-18 17:20:44+00:00,1461383886663991299,en,100,18,23,45,"a thread tw// unlike some folks ive sat quiet about things that have gone on because i feel nobody care's im not popular im not anyones favorite but honestly its taken a toll on me ive been botted, ive had sexual comments, troll subs its nothing new this is normal on @Twitch https://t.co/S1I2iQClIZ"
737500472156684288,2021-11-18 14:28:27+00:00,1461340532412583942,th,145,22,30,52,‡πÇ‡∏≠‡πÄ‡∏Ñ ‡πÄ‡∏£‡∏∑‡πà‡∏≠‡∏á‡∏ñ‡∏∂‡∏á‡∏ï‡∏≥‡∏£‡∏ß‡∏à‡πÅ‡∏•‡πâ‡∏ß ‡∏ß‡∏±‡∏ô‡∏ô‡∏µ‡πâ‡∏û‡∏≠‡πÄ‡∏ó‡πà‡∏≤‡∏ô‡∏µ‡πâ‡∏Å‡πà‡∏≠‡∏ô.üò™üòÆ‚Äçüí® https://t.co/pjcRrFFfjp
1168467969619505152,2021-05-10 16:59:17+00:00,1391800019796299776,en,0,1,0,0,@chizom_ so sorry bro.
860196684986556421,2021-11-15 14:03:28+00:00,1460247081269047297,en,8889,1115,669,3131,"I just got stopped by a traffic cop, he checked my disc and license and they‚Äôre both fine, he asks if I have a man, I say yes, then he asks me to step out the car and open my boot. I do so, my boot has work folders only"
499575734,2021-11-14 15:13:50+00:00,1459902400546754565,in,1737,627,42,399,"Bagi saya, apa yg bridesmaid tu buat dah kira gangguan seksual dah.

Tapi tu lah, bila saya dah cerita ni.

Sat lagi, keluarlah tweet sstgh perempuan2 sumbang, libtard &amp; feminist kata

""Ala pegang tangan je pun""
""Kalau betul nk menjaga sangat, tak payah jadi wedding photographer"""
1113096879254966272,2021-10-12 22:24:11+00:00,1448051901241647105,en,2487,10,21,380,please don't harass someone for being mutuals with someone on twitter who's done something bad/questionable; most people have a life outside of twitter (being on social media constantly is also just bad for you lol)- and can't be kept up to date with all the recent stuff 24/7.
439564587,2021-11-11 18:28:46+00:00,1458864292824961036,en,66,14,31,17,"Kyle Rittenhouse Trial LIVE Thursday Day 9 - Dr. John Black, Defense Expert https://t.co/5RcqvMls0X via @YouTube Best and most insightful coverage. #AcquitKyleRittenhouse"
1561975297,2020-11-13 13:35:31+00:00,1327243697382170624,en,38604,2954,404,6273,Harry Styles makes history by being the first male solo act to cover Vogue. https://t.co/xm3mRqi3L4
1418872715226800132,2021-11-12 22:31:13+00:00,1459287696946380801,en,20,108,9,2,Imagine if the roles were reversed bruh. ‚ò†Ô∏è https://t.co/ePiO44sUEc
48617498,2021-11-10 19:42:35+00:00,1458520480651128836,en,114,8,29,19,"Earlier today I made a quick grocery stop at the downtown Orlando Publix. While there two retired veterans passed me and said, ""Fuck Joe Biden, he is ruining my country"" - I was wearing my Biden/Harris campaign shirt. I ignored and kept walking. 1/4"
1053922506,2020-04-04 18:05:19+00:00,1246499101988081665,en,3,2,3,0,"@snowcanine @RJBlasterthon @BLooDY_GaL @Tiredofyour1 @jdubtheone I‚Äôve been called retarded, belittled, and a fake fan for liking certain things. Alys seems to be approaching things more constructively so that‚Äôs good. But Drail literally commented on a post about someone losing a loved one and was like ‚Äúyeah I don‚Äôt believe you‚Äù like tf."
935502393374138368,2021-11-10 22:05:00+00:00,1458556321339424776,en,1,0,1,1,@BlurryDawgo Like when?
991911303857008640,2021-11-08 08:24:25+00:00,1457625041454223363,en,5199,167,1,431,"remember to create whatever art that at least you yourself will like, because you never know when a bunch of people will hate it with every fiber of their being

because at the very least youll like it

going off Twitter besides announcements for a while, be kind to each other ‚ù§"
743489510479040512,2021-11-07 22:07:40+00:00,1457469830433361921,en,1188,6,23,98,"If one more person sends me an email about how it's simply biology and human nature to favor ""attractive"" people and fear asymmetrical faces I might actually throw my computer out the window."
1116358108790632449,2021-09-23 03:30:21+00:00,1440881192543440896,en,3,1,1,0,"friend asked for my swag google doc where i document every cookie's pronouns, familial relationships and approximate age and reminded me i haven't updated it in awhile so. i updated it! swag. here u go enjoy this product of my hyperfixation

https://t.co/XuLdoj1sct"
1258251822462107648,2021-11-03 01:06:05+00:00,1455702788277776385,en,5710,745,116,1294,[puts this out] hi guys gentle reminder https://t.co/4FSdKbwEGE
19422321,2021-11-06 09:18:17+00:00,1456913820761436163,en,55,4,5,2,@PriyamvadaGopal The telegraph have published a piece blaming Professor Alison Phipps for St*c*'s resignation. Alison has left Twitter due to being hounded I believe.
63942152,2021-11-06 02:18:24+00:00,1456808154885328898,en,296,64,756,27,"A fantastic morning out and about in #Kooyong having a chat with locals. 

It‚Äôs absolutely wonderful to see Melbourne opening up, businesses buzzing &amp; the community in good spirits after a tough year. https://t.co/j951hk2O85"
913769331686768641,2021-11-04 07:05:09+00:00,1456155539566731264,en,84592,1555,307,5578,ik carrie was bullied and all but she ain‚Äôt have to kill the whole school. she coulda flexed her powers a lil bit n they woulda gotten the message like
1241135011,2021-11-03 02:46:38+00:00,1455728095298654209,hi,4685,32,100,506,"2 ‡§ò‡§Ç‡§ü‡•á ‡§ï‡•Ä ‡§™‡•Ç‡§õ ‡§§‡§æ‡§õ ‡§ï‡•á ‡§¨‡§æ‡§¶ ‡§Ö‡§ó‡§∞‡§§‡§≤‡§æ ‡§™‡•Å‡§≤‡§ø‡§∏ ‡§®‡•á ‡§õ‡•ã‡§°‡§º ‡§¶‡§ø‡§Ø‡§æ ‡§π‡•à, ‡§∏‡•Å‡§∞‡§ï‡•ç‡§∑‡§ø‡§§ ‡§π‡•Ç‡§Å."
1045157259372720128,2021-10-14 14:05:28+00:00,1448651172273790981,en,1,1,2,0,"@ericksens_102 Basically, Star Giant was fired from being Enter's editor and made it public. Enter recently further made it public. A troll who is friends with people who screwed me over in the past saw the video and threatened violence against people associated with Star."
1274158087948165121,2021-10-31 03:08:36+00:00,1454646460708962305,en,364,19,72,39,"I am so desensitized to almost all kinds of death threats towards me, but you cross the line when bringing up my mother into it and saying she deserves cancer."
791069085454827520,2021-10-30 19:55:11+00:00,1454537387372122119,en,46373,1911,1728,9047,Just another day being a woman in the world! The amount of times that I deal with street harassment as a female journalist who works alone is exhausting. Notice how quickly this man got angry when I tried to *politely* dismiss him so I could DO MY JOB. https://t.co/jKsnQMfsIs
2324212053,2021-10-28 18:50:24+00:00,1453796307487891456,zxx,483,48,61,21,https://t.co/ubj2oxWJEN
1104807808791265281,2021-10-30 16:37:04+00:00,1454487526392025089,en,1248,44,31,263,"CN: sexual harassment

Let me tell you some if my stories:

In college, an engineering prof pointed out I was both the only female, and the only chem major in the class, and ""joked"" that I wouldn't stick around. Not every guy in the room laughed but a lot did. (1/n)"
1344356576786866176,2021-10-28 19:25:48+00:00,1453805216957190147,en,4831,150,1838,1432,"No Republican should hand over their voting card to Nancy Pelosi and help Joe Biden pass his America Last China First agenda.

The GOP must stand in lock step and VOTE NO on the so-called infrastructure bill. https://t.co/14mJKaVPfl"
1451861216327094276,2021-10-30 15:35:15+00:00,1454471971291414535,en,10,1,1,0,"it got so much better, a load of people threw leaflets at me for jesus and being a ‚Äòbeliever‚Äô and i went NO THANKS IM ATHEIST and i also said that they cherry pick the bible cos they mix materials  (thank you tmtc @Wicked_Archer ) and they all just stood like üßç‚Äç‚ôÄÔ∏èüßç‚Äç‚ôÄÔ∏è https://t.co/JZFAOB7uPH"
2330713417,2021-10-27 18:42:58+00:00,1453432049898033156,en,14,2,9,1,Can everyone on the tl today tell I'm ovulating?
829488643152703488,2021-10-28 02:22:32+00:00,1453547701258366978,en,225,2,21,13,"So @TwitterSupport, I'm not giving up. I got time to keep reporting this guy."
724618307232509953,2021-10-26 13:16:16+00:00,1452987445725761553,en,2,1,1,0,"@ewrigleyfield @IlhanMN @JamalOsmanMN I know it's fun to go and proclaim things on the internet, but so far there hasn't been any proof of this, and there are a few things I know which make me really really skeptical this was someone from Jamal's campaign, so evidence?"
4297569974,2021-10-23 21:18:56+00:00,1452021748828803075,en,1,1,9,0,"@CinnamonBunEsq If I hadn't been feeling ill, I'd have just passed over your Tweet, but that actually is still my true reaction to your photo.

You needn't worry about it, unless you choose to consider the opinion of someone with no reason to lie to you.  My opinion doesn't matter.

Best.

2/2"
1181748377144348672,2021-10-21 12:13:39+00:00,1451159745318977538,en,899,457,8,296,We tried to ignore these baseless tweets as right now our first priority is reporting J/M antis. We're here to report antis for J/M and pjm_report has been doing that since very starting you won't find a single anti on the bird app that is not reported by us and why even we need+ https://t.co/uDb6ljlTEk
1367982651861331968,2021-10-21 16:35:20+00:00,1451225599469662219,fr,0,4,1,0,@leonheartedgirl Elle a seize ans jvois mm pas l'int√©r√™t de parler avec elle en ft
84812859,2021-10-08 18:45:22+00:00,1446547285165363210,zxx,7,2,1,3,https://t.co/fmwlOoOhC6
1217017676,2021-10-21 05:09:54+00:00,1451053107186655235,en,3815,113,158,440,.@iamsrk leaves the jail after meeting Aryan https://t.co/TdHdQinRul
212615729,2021-10-20 15:19:17+00:00,1450844076610408460,en,4,1,8,0,@XcloudTimdog No one cares and people will buy quality
1421671210065203200,2021-10-18 20:23:26+00:00,1450195841474568193,en,2351,102,194,726,Some elected officials seem to require some schooling. Join me for a cup of coffee @marcorubio &amp; @HawleyMO ! ‚òïÔ∏è                                                                                            #parentalrightsandlefts #spacecoast  #jenniferjenkins #brevard https://t.co/pzIIfAKGn0
1216789842,2021-10-18 16:11:26+00:00,1450132424424312842,en,6145,566,2996,907,Are you surprised? https://t.co/ZMkpDmJ9sx
1244202667372613638,2021-10-18 15:23:49+00:00,1450120438185697287,en,19,5,9,2,Some of you will have noticed that for a little while I have been opening and closing my account. One of the reasons for this has to do with continuing harassment. I am now willing to share - much against my usual private nature - the extent of this.
1431122788044005377,2021-10-14 23:37:59+00:00,1448795248562302988,en,259,37,32,215,This thread will be about how @FFXIVGirls has repeatedly ignored the concerns of the women they claim to protect. and banned anyone who dared to question them all for the sake of growing bigger. #FFXIV #FF14 #girlgamer #safespace #gamergirl # https://t.co/3zq8zV31PN
4428136713,2021-10-14 19:31:05+00:00,1448733114432425986,en,19852,5405,328,5257,Yeah I don‚Äôt think I-Armys realize how big this was on the K side. They dug up stuff about the girl &amp; her family and been spewing so much ridiculous stuff. They even harassed the girls business insta account to the point she had to delete it https://t.co/y4NvizJNFK
1368558989588406275,2021-10-14 09:42:01+00:00,1448584870519721984,en,216,95,84,66,struggles of being a woman [OPEN DISCUSSION]‚Äî
2991161218,2021-10-13 16:49:17+00:00,1448330011090427906,en,381,5,8,145,"It‚Äôs funny of them to assume that this collab is something that just happened out of the blue?? Do you dumb fcks not know it‚Äôs been YEARS of that man waiting and waiting and just being patient! Y‚Äôall dragged him and clowned him! Now y‚Äôall want what Lisa has LMAO

SOLM COMING SOON"
1421671210065203200,2021-10-13 04:36:23+00:00,1448145570573414403,en,44970,637,1310,14802,It has been challenging for my family and I appreciate this overwhelming support after addressing something I felt pressured to speak about tonight. https://t.co/lWtllrfGT7
1304288252682145792,2021-10-13 09:56:52+00:00,1448226222438191108,en,29,2,5,3,read the thread and block this guy please https://t.co/lHpcLLPBlN https://t.co/usfyVQzARK
15676413,2021-10-12 17:23:57+00:00,1447976344369905675,en,245,1,12,3,What tweets are you people reading??? I know this is an unwinnable war but I am begging you to just read the actual things I have actually tweeted. It's fine if you disagree with me or even dislike me but some of the shit I'm being tagged in is INSANE. https://t.co/cKdjvMsEgf
35787166,2021-10-12 03:05:27+00:00,1447760297784184833,en,23480,20067,6085,2827,"JeLeigh btchs actin real messy. ~ if you know someone has been suicidal from bullying in the past, why try to get a bunch of ppl to bully them again about smthng else, on an even bigger scale? Shame on you‚Äî that‚Äôs rlly sad. You don‚Äôt know what ppl can deal with. üôèMental Health"
1271281016997466112,2021-10-12 00:38:00+00:00,1447723188641693700,tl,386,14,32,57,Baka nakalimutan lang nya pagpasara ng ABS-CBN pero I guess that is his opinion and he is free to express his opinion. In fact we should encourage Bato to enjoy &amp; exercise his freedom kasi ilang buwan nalang makukulong na sya at amo nya sa ICC! ü§£ü§£ü§£ https://t.co/fgDvcKiLgv
15676413,2021-10-08 19:06:21+00:00,1446552564783329284,en,240,2,7,1,It's super weird to me that this is The Reason I Am Being Harassed This Week but I guess I signed up for twitter in the first place so it's my fault
1427766536555610113,2021-10-08 16:11:47+00:00,1446508633387372546,en,115,48,104,8,"remembering that everyone who is sending me low-level messages and even being threatened with death, I'm not afraid of you... my creator protects me and justice will be done.  stay with God... and don't forget I'm not afraid of threats."
1411046873314516993,2021-10-07 13:23:35+00:00,1446103917264203776,en,1,1,0,0,j got preached to at uni let me go find another place to study bc I think this is their hub
1218679919913373697,2021-10-07 13:29:29+00:00,1446105399636242437,en,6516,55,62,426,this is basically how pre college american schooling taught me economic systems https://t.co/iMq8XNT1k2
156749387,2021-10-08 00:54:33+00:00,1446277804572643335,en,218,20,46,37,One woman's pro-vaccine protests irritating anti-vaccine crowd https://t.co/P5cizSprIs
171044413,2021-10-06 17:22:01+00:00,1445801532310515723,en,2,1,5,0,"@journofi They‚Äôre referencing and copying a famous meme not trying to intimidate you. 

https://t.co/xdzza5NYzq"
308026920,2021-10-06 01:20:36+00:00,1445559581883596808,en,355,19,13,240,Just got followed by 2 men at the Target in West Flagler. Shoutout to the team who was able to escort me through the back. Ladies please be vigilant I had my headphones on but luckily I am very aware of my surroundings. These are scary times we're living in.
17874544,2021-10-06 18:51:49+00:00,1445824131040120835,en,2950,2957,1268,639,"Ever want to know the vibe of a conversation before you join in? We‚Äôre testing prompts on Android and iOS that give you a heads up if the convo you‚Äôre about to enter could get heated or intense.

This is a work in progress as we learn how to better support healthy conversation. https://t.co/x6Nsn3HPu1"
1345832623936045057,2021-10-06 19:45:50+00:00,1445837724309618688,en,18,1,2,1,"this is why no one wants to believe ""victims,"" because people play the part. ya'll are too quick to jump at someone you don't know or drop them before you know everything. im glad they handled this, im sorry aipom had to go through this. https://t.co/QRPF6LhWGs"
380648579,2021-10-06 13:15:00+00:00,1445739367012597770,en,30,13,11,23,"VIDEO: üáªüá¶ Pope Francis expresses his 'shame' and that of the Church at the sexual abuse of children by French Catholic clergy, and offers the victims his prayers, after the scale of the problem was laid bare in a devastating report #CIASE https://t.co/LetgXcvjXa"
15448383,2021-10-05 07:09:00+00:00,1445284874110201862,en,3731,2721,798,494,"BREAKING: Former Senator Bongbong Marcos, the son of former dictator Ferdinand Marcos, will run for president in the 2022 national elections. He previously ran for vice president in the 2016 polls but lost. https://t.co/zNVQuIrHxo"
39308549,2021-10-04 23:15:19+00:00,1445165664809934849,en,2290,771,2643,1186,Arizona DACA recipient stands up on her flight and walks through the aisle to directly confront Senator Kyrsten Sinema  https://t.co/siLvaA1Kii
306487042,2021-10-03 18:23:50+00:00,1444729925408153601,en,15856,2922,8400,4607,"üî¥BREAKING: Blanca, an AZ immigrant youth confronts @SenatorSinema inside her classroom, where she teaches @ ASU. ""in 2010 both my grandparents got deported bc of SB1070...my grandfather passed away 2 wks ago &amp; I wasn't able to go to Mexico bc there is no pathway to citizenship."" https://t.co/JDZYY2fOD2"
16012783,2021-10-02 17:58:27+00:00,1444361150989275136,en,3470,1726,1277,1722,"BREAKING: The body of Miya Marcano, a Florida college student who vanished after repeatedly rejecting romantic overtures from a maintenance worker in her apartment complex, has been found, the Orange County Sheriff‚Äôs Office said https://t.co/2nn9h0VDua"
1194691838696755201,2021-10-02 17:57:31+00:00,1444360916162711552,en,42,1,1,1,"@toddintune @TheNightOven Wow, was his name Tom? We had someone throw a complete fit this morning when asked for vaccination proof to dine in, and challenged the team to physically remove him- I‚Äôm sorry this happened to your team Bryn. Unreal times"
1317585110959611907,2021-10-02 17:05:07+00:00,1444347728688029699,en,818,99,85,754,"‚Äî DO NOT ENGAGE
Mass report under targeted h@rassment and sp@m!

‚ñ™Ô∏è https://t.co/DbBSixi8Gh
‚ñ™Ô∏è https://t.co/bXdC9gIa1p
‚ñ™Ô∏è https://t.co/CVzqFy3NN4
‚ñ™Ô∏è https://t.co/iYtipqswJd
‚ñ™Ô∏è https://t.co/rMeix0qKRb
‚ñ™Ô∏è https://t.co/JcOjYcsaRM
‚ñ™Ô∏è https://t.co/qra3MJ9ojL
‚ñ™Ô∏è https://t.co/qIca5iURIz https://t.co/JZIvw6eZoq"
540812894,2021-10-01 12:52:35+00:00,1443921786396098560,en,10973,2456,751,5035,"Just when you think the absurdity of victim blaming could not possibly go any further, here is a Police Commissioner openly blaming Sarah Everard for what happened to her on BBC radio https://t.co/brN6rRSf2q #FixTheSystemNotTheWomen https://t.co/eja5uJp7z2"
16973333,2021-10-01 06:13:37+00:00,1443821382547222530,en,1417,7546,1742,529,Met Police issues advice to women to ‚Äòshout or wave a bus down‚Äô if they don‚Äôt trust a male officer https://t.co/LfgMFjwnwz
1417199061598445579,2021-09-28 18:35:54+00:00,1442921023460962304,en,52,176,19,5,"When I catch him, it‚Äôs me and him talking cause he coulda ignored that shit. He know damn well don‚Äôt nobody believe that shit.  https://t.co/VBJ11EUXKv"
20003409,2021-09-28 07:12:16+00:00,1442748978521645056,en,72,27,25,10,"Big N&amp;N supporter, a head troll who used 2 harass regular folks, politicians &amp; academics on Facebook &amp; Twitter called me last night after 4+ yrs. He asked me communication advices abt how 2 change his image.
I said find every1 u harassed, write an apology post on their timeline."
3383159573,2021-09-27 08:06:32+00:00,1442400249209925633,en,23252,335,1829,3526,"I received verbal abuse on public transport last night for wearing a mask - something I choose to do: (1) to protect others, (2) to try &amp; help public spaces feel less threatening to anyone clinically vulnerable. People are dying of Covid in my hospital. *How* have we got here?"
223702433,2021-09-24 11:34:59+00:00,1441365543542423559,en,1268,139,65,520,"Yesterday, a man who had sat at a table next to mine when I was out at dinner, waited 20 minutes outside for me to leave the restaurant, then followed my Uber from VI to my house in Ikoyi. He jumped out his car and demanded I give him my number when I was at my gate. 

Scary."
807095,2021-09-24 10:00:10+00:00,1441341682222460933,en,3273,1229,1440,1330,"In Opinion

""Now that I think of it ‚Ä¶ I am ashamed,"" read the subject line of a 2005 email Chris Cuomo ""wrote me, one hour after he sexually harassed me,"" Shelley Ross, a TV journalist, writes. She would ""like to see him journalistically repent."" https://t.co/dRFh6671PD"
1326229737551912960,2021-09-24 00:46:34+00:00,1441202362073239553,en,55388,10978,10210,15386,üö® This insanity is happening on college campuses https://t.co/BrVxICZYqP
4099171,2021-09-24 12:32:30+00:00,1441380017921949697,en,4025,740,415,1124,"After Chris Cuomo grabbed a woman's ass in 2005, he wrote her an email apologizing...to her husband. https://t.co/raGoA5SmoN https://t.co/0kiwbTYnj3"
9890492,2021-09-21 21:57:04+00:00,1440434934095642631,en,8304,22327,6975,2204,Can‚Äôt put your finger on what‚Äôs not working in the bedroom? https://t.co/BvKMhpQVG3
1079981836187680768,2021-09-22 05:17:27+00:00,1440545759904997381,en,192981,8779,1084,12207,I‚Äôm crying https://t.co/FcTFIp9Fhz
1116155159967612928,2021-09-24 06:10:24+00:00,1441283857941098496,en,62,1,4,6,"cw rob mention

yall can i just say how scary it was to tap on robs story and just see that. i was expecting nmt and got that. and he's got like little kids following him. jesus man"
952384339240615937,2021-09-23 03:00:34+00:00,1440873697326223365,en,14,1,4,1,"Okay, Mentally's harasser (who is also someone who harassed me for years) is not to be trusted. If you see him or any of his alts, block him. He may even try to sweet talk a friendship out of you, but don't listen - just block him."
42458463,2021-09-21 14:54:35+00:00,1440328608912842760,en,1441,58,50,753,"Barry K. Washington was shot to death in Bend for complimenting a white man's girlfriend this last weekend.

He'd been in Bend - a liberal white city - all of a month and a half before he was murdered.

The killer, a Redmond man, was released after posting 10% of $100K bail."
1362277462537822210,2021-09-22 14:57:03+00:00,1440691618147811340,en,33165,11153,47,10200,Kenneth Petty‚Äôs sexual assault victim Jennifer Hough speaks on her conversation with Nicki Minaj and harassment. https://t.co/ohfzhszWRp
1374592243416317956,2021-09-19 05:51:38+00:00,1439467196539969537,en,141,4,40,26,I wasn't planning to post this I was hoping to keep this problem private but twitter won't fix this issue for me so I hope this works @Twitter @TwitterSupport two-burner accounts are posting private photos of me @Conangawa1 @peachypv they're harassing people with my photos + https://t.co/ts1eAcG5lm
1591593414,2021-08-19 10:03:58+00:00,1428296676205228032,en,10110,855,522,802,My heart goes out to all the good men of Pakistan. I‚Äôm sorry so many of your brothers have failed you üíî
1293203797490114561,2021-09-18 15:54:12+00:00,1439256450660909059,tl,32,665,178,0,"stop attacking me and telling me to di3. wala rin kayong pinagkaiba sa ginawa ko kung ganiyan mga sasabihin niyo. i am really sorry for what i did. i was wrong tho joke lang naman yon haha. ayon, goodnight peeps! sana nalinaw ko sa inyo yung issue"
1293203797490114561,2021-09-18 15:54:11+00:00,1439256445409628162,tl,103,2048,603,6,"to make everything clear, i am really sorry for what i did.hindi ko agad iniisip mga ginagawa ko. mali ako don kaya ganon. i was hurt lang din kasi she rejected me nung umamin ako sa kanya. kaya i was trying to tell jokes na send siya nudes pero di ko naman talaga gusto yon."
1345516530331766784,2021-09-18 02:02:30+00:00,1439047146754428931,en,4,1,1,0,"It's not a win just because it's your side doing the same tactic you mock the other for. You're just being a hypocrite. I'm sorry, but you are.

If they did the same thing but instead bitching that too much fanservice poisons a story you'd be losing your damn mind over it. https://t.co/f57dDOVnDy"
1279456214821240833,2021-09-17 16:56:47+00:00,1438909813463920641,en,4358,229,259,1336,‚ÄúDAY 5‚Äù AND This entire Nicki Minaj nonsense has gotten outta hand ü§¶üèø what should‚Äôve been a teachable moment has turned into a catastrophe &amp; nobody‚Äôs willing to listen or come together so that we can beat COVID-19 @NICKIMINAJ @JoyAnnReid #nickiminaj #covid_19 #vaccination https://t.co/LbQpcqfWAd
1138458175663988738,2021-09-17 18:39:30+00:00,1438935660698615814,en,3162,966,0,549,"Nicki Minaj reveals her family in Trinidad is being harassed by reporters following her comments regarding the COVID-19 vaccine.

‚ÄúThey‚Äôre forcing my family to have to hide out. This is what speaking up looks like. Millions of poor people are treated this way‚Ä¶‚Äù https://t.co/LgmtetxF6t"
973116890,2021-09-16 17:46:30+00:00,1438559934824665090,en,45,1,2,1,"I've gotten a bunch of emails threatening violence b/c I have accurately defined gender-based psychological violence in politics wrt protests at campaign stops, office vandalism, etc. https://t.co/7XnFisxUl1"
1070693361441492994,2021-09-16 12:41:59+00:00,1438483299844886539,en,580,8,76,22,"I got sexually harassed by two men today , I don‚Äôt even know how to feel.üíî"
28207100,2021-09-16 10:51:09+00:00,1438455408495112194,en,43,5,1,4,"I set off for a run last night when it was already dark. First time in months, and it let me remember why it has a definite appeal. The world feels less cluttered, less frenetic. Women should be able to share that experience without fear of harassment @runningpunks #saferstreets"
331168845,2021-09-14 19:45:46+00:00,1437865176481607680,en,4340,274,392,621,"I always loved Norm MacDonald and was excited to meet him. Since I‚Äôm not a male comedian I don‚Äôt have a fun picture or memory with him, just another story about being sexually harassed. Must be cool to be a male who does comedy üòé"
946551,2021-09-15 14:25:39+00:00,1438147003867975695,en,96,3,2,1,"@MarkComic @KerriLendo in my experience he was inappropriate with me and a number of the waitresses, too handsy, grabbing butts, insisting on kissing me when i'd put out my hand for a handshake, asking inappropriate questions, etc"
955551119639392256,2021-09-15 17:13:13+00:00,1438189170074144770,en,0,0,2,0,"@kathbarbadoro Why won‚Äôt anyone say what actually happened? Like you should probably clarify whether he was just a dick to some women, or if he was actually dangerous."
1134917958893998080,2021-09-15 12:39:27+00:00,1438120275325898758,en,1,1,1,4,So many lunatics enforcing this complete bullshit https://t.co/l5hj0QnR8z
1316747726697234432,2021-09-14 16:26:24+00:00,1437815001742446593,en,6090,447,159,286,"Andrew Garfield confirms he knows what happens in #SpiderManNoWayHome and that fans hoping for a Spider-verse would be ""very disappointed https://t.co/ubMyfnA5dz"
1114799581,2021-09-14 11:15:59+00:00,1437736885191942144,en,168,22,9,6,"@sophiadimartino I am sorry following me caused so many issues, nothing they said about me is accurate in any way but it's not like they would have ever let up about it once their minds were made up lol."
1333742522695258113,2021-09-14 14:16:44+00:00,1437782369331785744,en,11112,167,294,1176,theres people in my dms are telling me to 'do your job properly'. this is not my job. i do this for free. i write these translations because i want everyone to have access to what the boys say and do. i think a translation that could me misinterpreted doesnt warrant death threats
1380689904741548035,2021-09-13 22:18:05+00:00,1437541118351183878,en,62,3,4,5,Hold up not tik tok people saying Rona was never there for seokhoon. She couldn‚Äôt be there if he ignored and pushed her away. That‚Äôs his problem now
1239348824486838273,2021-09-13 17:34:13+00:00,1437469680936103940,en,53,513,49,20,"Nothing about a black man coming to my door scares me. Nothing about a black man complementing me scares me. I also own many guns. If y‚Äôall hate black men just say that. I‚Äôve lived around black men my whole life, never been raped or harassed. So I can‚Äôt relate to y‚Äôall projection"
741769585,2021-09-03 13:58:59+00:00,1433791638133002265,en,6339,219,508,1961,"In other Dystopian News: Remington, gunmaker being sued by Sandy Hook parents, has subpoenaed the attendance, report cards and DISCIPLINARY records of 5 of the murdered kindergarten and first-graders.  THEREüëè ISüëè NOüëè BOTTOMüëè."
48325671,2021-09-13 15:31:38+00:00,1437438831070941193,en,4043,942,2836,1453,"BREAKING: ""Veronica Wolski, the QAnon Anti-Masker who harassed Staples employees with a Zorro mask has DIED OF COVID."" @CalltoActivism

Can you find any pity in your heart for her? https://t.co/vK7mZwe3B0"
1354782769596006402,2021-09-13 17:02:27+00:00,1437461688643735564,en,0,1,2,0,@zer0Carry good on you yet no rebuttals for the other stuff. listen my guy I'm gonna be real honest here: someone you follow once insinuated id have supported my grandfather's near murderers in WW2. you follow this person. i know what i need to know actually.
4049589314,2021-09-12 01:47:59+00:00,1436869166753980419,en,96,12,21,13,"With everything calming down I‚Äôm ready to release my statement. 
Please take a minute to read, if you have any involvement with what has gone down please reach out to me @JamesJohnsonYYC @auddiejames https://t.co/HeObUOwKcs"
4872833578,2021-09-11 06:11:25+00:00,1436573074783100933,en,13742,438,237,3010,Twitch in a nutshell pt. 3 ü§ñ https://t.co/73NyHjgCsr
2318235614,2021-09-11 13:50:14+00:00,1436688537005461512,en,273152,2379,2510,33623,"The morning of 9/11, my political science professor made me leave class so the other students could ""grieve and process safely"".  

I was 18 and living away from my parents for the first time. Yeah, I‚Äôll never forget."
912860573712502785,2021-09-10 21:36:18+00:00,1436443440892551170,en,0,5,1,0,"@HttpsAzula I respect your opinion but I will not withdraw what I said, she lies, defame and harass proshippers, I'm sorry about what happened to her but that doesn't make her a good or nice person. Bye, I hope you do well"
728968243680038912,2021-09-10 03:03:23+00:00,1436163365806686213,en,7,2,1,0,"I hope I get mass qrt'ed for something fun next time, idk ppl mocking my ""wordiness"" and the fact that I use prose instead of typing like I'm hitting up some fuckwad on Snapchat for daring to challenge someone's incorrect assumptions about a stranger's hair was sorta lame."
1063336350,2021-09-09 16:13:39+00:00,1435999852853440513,en,511,6,28,143,"Going through people's private conversations with family  &amp; friends. Scrolling their photos and videos; exposing innocent people to potential risk of having their photos published.
Going through personal documents. Wow

Doesn't the law protect citizens from right to privacy?"
931742836055162881,2021-09-09 02:59:36+00:00,1435800024495976449,en,42568,1187,695,4812,tiktok is really making my blood boil this time. you guys are taking it too personally now just because of my ships https://t.co/bI9rOtnlYX
1224132838032846850,2021-09-07 08:44:49+00:00,1435162125962551298,en,3,1,2,0,Some random idiot that creates account after account to annoy me and many others on here. https://t.co/y5Ws92mLid
732387981399494656,2021-09-06 14:33:38+00:00,1434887519166812166,en,1764,51,178,288,TW: Assault and Harassment https://t.co/YXk5oEwbkU
2277445532,2021-09-06 03:16:30+00:00,1434717113130782723,en,102,2,0,25,"Millions of traumatised AUS women who‚Äôve been demeaned, harassed &amp; assaulted by hateful misogynist men were today forced to sit while the most hateful misogynist of all told them what they need. There‚Äôs nothing left to do but hurt him at the ballot box. 

https://t.co/RaDWIq5zyY"
743077193971073026,2021-09-04 11:48:12+00:00,1434121113831886854,en,17662,6820,768,3397,I cannot believe the cheek https://t.co/a8lcp300Ff
16854142,2021-09-05 19:32:09+00:00,1434600256910540802,en,205,90,326,66,"Liberal Leader Justin Trudeau said he will be reflecting on what should have been done differently in the case of former Liberal candidate Raj Saini, who ended his bid for re-election after a series of allegations. Story via ‚Å¶@cattunneycbc‚Å© https://t.co/JoY33HJmYD"
1252355154894041088,2021-09-05 18:47:57+00:00,1434589132186132493,en,0,17,1,0,7. Are there any type of accounts you refuse to associate with?
1072039672820494337,2021-09-03 23:12:33+00:00,1433930948366807040,en,191423,1309,1812,22089,"My mom broke down today. There were over 80 patients in the ER last night, understaffed, and today she had to hear family tell her COVID isn‚Äôt real and that feeling burnout makes you a terrible nurse. She just kept crying and said there‚Äôs no help to be seen"
2630027763,2017-08-17 22:59:15+00:00,898318333782708226,en,1056,321,121,465,"here is everything you need to know about ""Crazy Nicole"" - a lying, manipulative, mean, abusing 21-year old girl from the U.K. ‚òïÔ∏è"
957651645302624256,2021-08-30 16:27:35+00:00,1432379482241863680,nl,265,63,74,9,Pronouns in bio https://t.co/kt8ueq5qJh https://t.co/sxcu9gN02X
744916807346159616,2021-07-23 12:06:26+00:00,1418543022715834377,en,1313,53,133,810,"I got apprehended by the @PoliceNG today. I was on a bike passing through alakija on my way to Mile 2 when they stopped me. The policeman who stopped me said ‚Äúmake we settle before we rope you, na street we dey‚Äù but I didn‚Äôt oblige cos I was sure I had nothing incriminating on me"
1145266150919593986,2021-08-30 12:19:11+00:00,1432316971819933699,en,1507,70,192,1670,"Good afternoon. Please I was stopped by police officers today on my way to Festac. They took me into their van and demanded I pay them 100,000 Naira which was only after I've been severely harassed. But I told them I do not have that much."
1408443388261769223,2021-08-30 13:57:13+00:00,1432341639373201412,en,374,39,13,65,"Hello, everyone! Given some of the things that have happened since Application Results were sent out, we thought it pertinent to make a statement addressing the harassment we (the Moderators) and even some of the accepted contributors have been receiving."
174151902,2021-08-26 14:49:18+00:00,1430905196075311106,en,28402,290,2568,1435,Particularly bumpy workweek. I know people are angry about Covid (on all different fronts) but don‚Äôt want to be a punching bag anymore. I didn‚Äôt cause Covid. I‚Äôm not even in charge of much. I‚Äôm just an academic trying to explain simply what‚Äôs happening. That‚Äôs all.
14538949,2021-08-28 14:05:10+00:00,1431618865583194113,en,1605,228,0,473,This morning a video of a man cornering me at a table in a restaurant last night while I was having dinner has been circulating on social media. My statement. https://t.co/iCixfwV8De
1114788703531032577,2021-08-27 16:57:12+00:00,1431299772871151618,en,23,4,10,7,@S3cur1ty_1 Jared Simpson is tweeting again on Instagram. Hasn‚Äôt he done enough damage already? https://t.co/YxBv0uGd34
868346664129581056,2021-08-26 13:34:43+00:00,1430886428158959619,en,8496,394,74,2555,Children shouldn‚Äôt be exposed to ANYTHING sexual. Straight OR gay. It‚Äôs a no.
19346439,2021-08-27 11:12:45+00:00,1431213089643446274,en,1,1,9,0,"@johnjhacking Your ego can be seen from space. Do you ever talk about anything except yourself. My God, with what happened yesterday you‚Äôre posting about yourself and your ‚Äúcool friends‚Äù. It‚Äôs like you‚Äôre two years old.

*Nobody* envies you. LOL. You keep saying this with no evidence of it."
23314049,2021-08-26 19:38:12+00:00,1430977900488974337,en,20,1,2,1,"So as they continue their campaign of half-truths, innuendo and attacks meant to scare members into thinking a vote for #MF is the only way to make a difference.

@unite4strength keeps reminding you that facts are real things and truth matters ‚Äî tough truths even more."
18927441,2021-08-26 19:26:02+00:00,1430974838211022849,en,6635,1099,714,549,"Overwatch is officially changing the name of McCree, in light of the Activision Blizzard lawsuit. https://t.co/DIAMR9MQJQ https://t.co/t7AuBEUD1S"
737036962239021056,2021-08-25 01:20:08+00:00,1430339174884855808,en,0,1,0,0,Oh you're fucking kidding me. https://t.co/j9ZdXJeNV6
32352635,2021-08-25 01:57:59+00:00,1430348700065308674,en,1346,21,55,214,"Coming out of priv for a hot minute here before anyone else gets confused and send me cryptic dms.

I'm not Shinocchi."
1171224362004992000,2021-08-23 17:18:29+00:00,1429855575358201868,en,47,8,5,6,"So, I went to the beach yesterday and I (along with a friend) was targeted and I was mainly hit with nasty homophobic remarks and comments.

I've reached a point where I'm not going to participate in unnecessary banter but I must say I was disgusted 
(1/3)"
1417808412566597636,2021-08-23 16:17:23+00:00,1429840200545546250,en,17,1,0,6,@Jecholiah_ His snap is teekid0 I gave it out of fear of being stabbed after finishing gym late in Canning Town
804164517684854784,2021-08-22 06:12:07+00:00,1429325493027831813,en,2403,204,87,456,Congrats to the genshin impact fandom who have successfully managed to make the EN VAs feel like trash!!!! https://t.co/q4ik2e0TEf
872683897,2021-08-19 19:10:52+00:00,1428434307119403010,pt,2440,107,305,91,Sexual Assault! https://t.co/y5nXTE4dVm
784574438,2021-08-22 15:36:40+00:00,1429467565873668114,en,1619,12,128,45,"Unfortunately, I really don‚Äôt want to keep soloing in ranked anymore. I don‚Äôt want to keep getting hate for being a woman and called awful things. Muting them won‚Äôt fix it, comms are important in ranked. But, it‚Äôs not worth it to keep getting my mental shot. üò¢"
2426313439,2021-08-20 02:23:23+00:00,1428543154190491649,en,13202,9618,1104,1716,"BREAKING: Elon Musk has just unveiled the ""Tesla Bot"" https://t.co/CpPxDovWTF"
1339643981672529920,2021-08-20 21:00:40+00:00,1428824327114280960,en,40,1,29,2,"The amount of hate I received in one day today is just not what I expected 

people screaming that ""people like me should leave the community""

I'm kind of in shock https://t.co/aWFXwePwYC"
1353571865474678784,2021-08-20 13:43:36+00:00,1428714334704660483,und,757,4,2,130,SIR????? https://t.co/itpuNXJPAk
6718872,2021-08-19 23:25:52+00:00,1428498482025799683,en,2,1,0,1,You have to feel sorry for these guys. We suffer a horrific defeat in Afghanistan and now they're forced to go out and explain it in front of some probing questions from the press while their boss hides in Delaware or at Camp David. https://t.co/x8lccApkiI
1107346204441096192,2021-08-20 00:12:20+00:00,1428510173497266179,en,1288,123,25,243,"here's my mod view tonight: @RekItRaven has been getting slammed with hate raids back to back to back for two hours. it hasn't stopped. then @day9tv came in with a LOVE RAID, started a hype train while the hate raids kept coming. it felt good to see Raven smile. #TwitchDoBetter https://t.co/DyThQkelvs"
17079789,2021-08-19 00:19:20+00:00,1428149545926643713,en,192776,6805,1037,29274,Please watch this omg üò≠ https://t.co/KZg2UA4qrA
2560049427,2021-08-18 18:38:24+00:00,1428063750721056776,en,3,39,9,0,"Regards of the subtweets and the allegations towards me, i will conclude my side with several notes‚Ä¶."
1285942089193263104,2021-08-18 18:14:39+00:00,1428057770062929920,en,312,3,23,25,Really disappointed in the situation with Fatguy Yugioh where they were caught harassing a sex worker. I‚Äôve worked with them and championed for them numerous times and I‚Äôm sorry I gave them any kind of platform to make women uncomfortable.
424429243,2021-08-18 06:08:21+00:00,1427874991907934208,en,87,2,7,17,"Some flak was slung, at me and others, for bringing @RaniaKhalek onto the @DiEM_25 -TV earlier this year, however this nuanced perspective on the US Afghan withdrawal reminds it was worthwhile! Not whether, but how to withdraw was a crucial question https://t.co/Vdr9thJ4LB"
1022074542968201216,2020-12-30 06:15:25+00:00,1344165173314154496,en,266,4,20,15,"Sorry I don't want to attack any ethnicity, but honestly, Punjabi living in Lahore have got no respect for women at all.
They are brutally wahiyaat!
Obviously not every Punjabi is like as I explained, some have lived in Sindh, kp and Balochistan."
2809636292,2021-08-17 22:27:20+00:00,1427758971964706817,en,588,5,15,12,I need you guys to understand it‚Äôs not just about people being mean. I‚Äôve been relentlessly hounded by one very persistent cyberstalker for practically my entire career. He harasses everyone I work with or come into contact with to the degree that he has ruined people‚Äôs lives.
21962767,2021-08-16 13:19:31+00:00,1427258723626590214,en,15607,4903,4910,10302,"Anti-Masker physically harasses an elderly woman for wearing a mask.
Let‚Äôs make this guy famous. https://t.co/vCRHi9g5Te"
799242417073487872,2021-08-15 16:50:42+00:00,1426949480276975621,en,187,2,2,21,"When people make mistakes, I look for patterns.

Did it happen once?
Did they apologize, try to correct the mistake?
Was it an isolated incident?
Or did they double down? Gaslight? Apologize only to do it again, over and over?

I know which one Kim Rhodes is and so should you ffs"
1225721918659219456,2021-08-14 14:18:02+00:00,1426548675673722880,en,333,99,48,118,This is what the barbz do when you refuse to kiss @NICKIMINAJ ass. They are a dangerous fan base and they need to be stopped. #Survivingthepettys https://t.co/NLroIQ4mU3
40099386,2021-08-14 04:36:34+00:00,1426402342451257346,en,20961,329,1180,4813,"Remember this time last year when people were literally hanging out of windows cheering for medical staff and this time around, we‚Äôre being booed, harassed, and threatened."
34053517,2021-08-14 02:22:35+00:00,1426368625137668097,en,49,1,3,3,this is exactly why it's not fun to play. you expect people to play the game properly when they start the first 5 rounds screaming into your ears so you mute then when we are losing  theyre out here saying this... blaming etc when theyre calling out wrong etc.. https://t.co/ARSxKQC20Z
3762380713,2021-08-14 01:08:09+00:00,1426349892679598086,en,12,5,3,3,"Hey, just wanted you to know FH is going into peoples DMs on Discord to tell people they like not to interact wit‚Ä¶ ‚Äî And they call ME the toxic one? Thanks for letting me know! https://t.co/syyL62patA"
534967401,2021-08-12 00:34:47+00:00,1425616722535403520,en,81156,629,3528,8840,To the woman who just called me a bitch in the elevator as I head to my 15-hour overnight shift‚Ä¶I‚Äôm a doctor during the worst pandemic of our lifetime that just keeps getting more horrific. Have some compassion. Healthcare workers are allowed to look tired and over it right now.
1403185241628499970,2021-08-13 01:29:57+00:00,1425992992494587904,en,55,7,4,11,"alright, so apparently we need to clarify not to harass people.

DON‚ÄôT FUCKING HARASS ANYBODY. no matter what. 

the tweets from earlier were shitty jokes and nobody on the team thinks you‚Äôre racist for disliking our girlfriend.

it‚Äôs a fictional fucking character from a webgame."
1263714840800980994,2021-08-13 01:24:41+00:00,1425991665680936967,en,3,9,0,0,"You crossed the line when you started making this about race. 

That post was to clear my friend‚Äôs name because YOU led to this. YOU were the one that painted them as racist.

I haven‚Äôt cancelled you before, but I sure as hell will now."
21581408,2021-08-12 01:00:00+00:00,1425623067598880772,en,667,294,252,80,An announcement from our board https://t.co/Mv42CAaHL4
1308769551849582601,2021-08-12 13:57:03+00:00,1425818619267723264,en,8,1,1,0,"@Actually_Tina You're an adult now.
Did you have to wear masks as a little child when you were learning how to read emotions when everyone else just knew how?"
1066491457576554496,2021-08-12 00:48:25+00:00,1425620152821878789,es,411,20,10,133,"Mientras el r√©gimen intenta crear entusiasmo con t√≠midas reformas econ√≥micas, cientos de cubanos se encuentran detenidos  por motivos pol√≠ticos... periodistas y activistas son acosados... decenas de madres lloran la prisi√≥n de sus hijos.

Lo siento... no nos entendemosü§∑üèª‚Äç‚ôÇÔ∏è
#SOSCuba"
38026753,2021-08-11 13:30:04+00:00,1425449438202548224,en,15929,10446,7443,7864,"The parking lot after a school board meeting last night in Franklin, the wealthiest place in Tennessee. Parents harassed medical professionals who had spoken in favor of masks in schools. ‚ÄúWe know who you are. You can leave freely, but we will find you.‚Äù https://t.co/SzR0uvMeE7"
1378026013527973893,2021-08-11 02:41:29+00:00,1425286218544123904,en,10,1,2,0,"im gonna say this again, @ohsnapitssunny and i carried in hotpot!! LFHPT (looking for hotpot teammate) to come with us instead of @StarryyKiwi"
232268199,2021-08-10 15:53:34+00:00,1425123162174414851,en,3257,731,4869,827,Addressing the people of New York. Watch LIVE: https://t.co/0DOItVsW23
351199898,2021-08-09 22:50:34+00:00,1424865718026244104,en,1615,160,298,519,"Yeah it‚Äôs really not fun trying to report while being booed and harassed by masses, told to go back to where I come from and having my camera op almost assaulted if it wasn‚Äôt for a fellow journo saying we are not the BBC. This is moments before I had to go live 
#antivaxxers https://t.co/s4OpTFb8V2"
955838372,2021-08-08 17:02:05+00:00,1424415629306589188,en,10,1,1,1,Mfs have come on this app to call ME the sole provider and caretaker of my children a ‚Äúbum‚Äù but not the deadbeat father. Telling ME I abandon my children if I dare let my mom babysit once but not the mf who is worried about a hoe over his kids. Y‚Äôall are legitimately stupid lmfao
158522822,2021-04-09 10:59:27+00:00,1380475440037515266,en,2,1,1,0,"I applied for new driver's license in 2018. 

It arrived in 2021. 

#Nigeria"
158522822,2021-08-07 05:09:00+00:00,1423873790241611776,en,0,0,2,0,"‚ÄúMake a photocopy of your slip and wait till you get a notification to come pick up your card‚Äù. The only snag is that the card will take about three months to arrive.‚Äù I was driving this way since my license expired in 2017 and no, the card has still not arrived. https://t.co/AwYaK99ymZ"
592730371,2021-08-06 03:49:05+00:00,1423491290847760388,en,5219,25,497,490,This doesn't make you look like a good person https://t.co/T60YsB68xD
1375373494997819400,2021-08-06 05:42:09+00:00,1423519744360030213,en,94,23,3,12,"Laughing at everyone saying ‚Äúaaawww brothers‚Äù dude when my life is in danger, I don‚Äôt think anout my brother, i think about my husband https://t.co/R03JjTCEj0"
1348688675077574658,2021-08-06 02:23:07+00:00,1423469657416249344,en,164,8,39,11,Classy actions as usual from the guys over in @LSUMKW when they aren‚Äôt posting their W‚Äôs. Good to see there are still some wholesome players in the community ‚ò∫Ô∏è https://t.co/JHu5ubmJBx
523248016,2021-08-04 22:10:06+00:00,1423043595356016640,en,770,24,72,204,"NY Assembly majority is ready to impeach Gov. Cuomo if he refuses to resign | Just The News 

https://t.co/3gOGq0kdxn"
1403271917990072331,2021-08-03 23:18:16+00:00,1422698361539338241,en,880,5745,32,30,can we start a carrd discourse
1151165916614287362,2021-08-03 15:15:18+00:00,1422576820608712715,en,8,3,9,2,"Thank you @govmlg for the opening message at this years #aia2021 hosted by CVRC, NMCSAP, NMCADV, and CSVANW. #supportsurvivors https://t.co/yMgCNdsBeG"
40353407,2021-08-03 16:00:51+00:00,1422588281716420611,en,2268,11,82,219,The Cuomo response presser has the potential to be a top ten white male meltdown.
592730371,2021-08-02 14:28:56+00:00,1422202761056239630,en,17023,1113,1722,5804,"WH official this am: ‚ÄúB lockdown speech being drawn up this week‚Ä¶they‚Äôre planning to make it sound like one of the most solemn in history, real Bush on the night of 9/11 type stuff. Would start stocking up if I were y‚Äôall‚Äù"
178006522,2021-08-01 22:18:05+00:00,1421958441472569347,en,15,3,3,1,"@Puppetimagelim1 @petercoffin @calebmaupin @PACDpod Nah. Shauns not a baddy. He‚Äôs being leveraged by capital to perpetuate ruling class ideology, whether he knows it or not. No shade. Just is what it is."
264050862,2021-08-02 20:36:17+00:00,1422295209518551040,en,4,0,1,0,"@FoxGGreen And, as someone who's been similar attacked and slandered as a ""eugenicist"" via similar deliberate and malicious mischaracterization (and also seen my family and colleagues harassed, doxxed and livelihood threatened as part of it) ...I'd think before being so proud."
187806051,2021-08-02 02:15:39+00:00,1422018226007928833,en,583,4,20,67,"If a woman mentions that she is getting unwanted and unprovoked sexual attention, telling her it‚Äôs because she‚Äôs pretty or that‚Äôs just how men are, are not the comments you should be making."
780052881093255168,2021-08-01 15:40:19+00:00,1421858339747557379,ko,7962,2574,35,2897,"Ï∞ΩÎπàÏù¥ ÌôîÎÇòÏÑú ""Íµ≠Ï†úÏ†ÑÌôîÎ°ú Ï†ÑÌôîÍ∞Ä ÏôÄÍ∞ÄÏßÄÍµ¨..."" ÌïòÍ≥† Ìè∞ Î∞îÎã•Ïóê ÎÇ¥Î†§ÎÜ®ÎäîÎç∞ ÌïúÏù¥ÎèÑ Ïñ¥Ïù¥ÏóÜÏñ¥ÏÑú ""Íµ≠Ï†úÏ†ÑÌôîÎ°ú Ï†ÑÌôîÍ∞Ä Ïò®Îã§Í≥†?"" Î¨¥ÏùòÏãùÏ§ëÏóê ÎßêÌïúÎìØ... Í∑∏Îü¨Í≥†ÎÇòÏÑú Î©§Î≤ÑÎì§ ÏÑúÎ°ú ÎààÏπò Î≥¥ÏûñÏïÑü§¶‚Äç‚ôÄÔ∏è

ÏÇ¨ÏÉùÏùÄ Ìå¨Ïù¥ ÏïÑÎãôÎãàÎã§üö´ ÏÇ¨ÏÉùÌôúÏùÑ ÏßÄÏºúÏ£ºÏÑ∏Ïöî :) https://t.co/jbZ5D0E76B"
383095542,2021-07-31 09:49:48+00:00,1421407740077936640,en,1496,31,33,255,"Accidentally answer a wrong call with a female voice, and be prepared to get inundated with lots of calls, messages from several other numbers. Yahan kapray Kahan, awaz hi enough hai to get harassed"
1309541501970591744,2021-07-30 09:39:01+00:00,1421042640150216706,en,3,1,2,0,"@PortiaAntonia @kpumpin0007 @piersmorgan Can you name a white male whom he has consistently written about, and relentlessly targeted across multiple platforms, like he has Meghan Markle?"
1411127194794008583,2021-07-30 19:57:21+00:00,1421198245741711362,en,0,0,1,0,@MsGiveZeroFox @PortiaAntonia @kpumpin0007 @piersmorgan You say ‚Äúdon‚Äôt be silly‚Äù when I‚Äôve stated a fact that proves you‚Äôre wrong. Read his articles throughout the years and take your race obsessed self somewhere else.
23185323,2021-07-30 14:33:43+00:00,1421116804597010434,en,3306,2964,465,871,I‚Äôve got a question for people who date men. What‚Äôs the strangest thing a guy has done when you wanted to leave him?
2836421,2021-07-29 21:14:03+00:00,1420855163733094404,en,388,31,188,178,"Metropolitan Police Officer Michael Fanone, who suffered a heart attack and traumatic brain injury after being violently assaulted Jan. 6, received a threatening, expletive-laced voicemail as he testified Tuesday about the Capitol riot. https://t.co/yYDE7vlee4"
592730371,2021-07-28 17:44:50+00:00,1420440121506254848,en,9678,282,555,4229,Capitol Police officer Harry Dunn thought it was hilarious ‚Äògold‚Äô when Trump was rushed off stage during an active shooter threat at a rally https://t.co/UmZlxJZ2Oi
1049770815615578113,2021-07-28 00:11:27+00:00,1420175031301251073,en,11,1,3,1,I didn‚Äôt need YouTube drama today
784550119198818304,2021-07-23 16:55:37+00:00,1418615799259045898,en,157132,8162,6164,30901,"WARNING: CRUDE LANGUAGE
Being hit on and harassed as a woman, especially as a woman reporter out in the field, happens so often you learn how to roll with it or ignore it. This time it happened to be recorded only seconds before my hit. There are A LOT of things wrong with this. https://t.co/5Ok58Vm7e0"
1299357306828869635,2021-07-27 20:46:21+00:00,1420123414409490432,tl,3,1,1,0,Dafuq.......ü•¥ü•¥ü•¥ https://t.co/xzOwPK1mBc
1192160073897988096,2021-07-27 00:56:37+00:00,1419824008292405251,en,7268,41,205,474,"I am a lot of things, but I am not filled with spite or malice. I could be, but I know better than most that life is far too short for that. Moreover, my husband did exactly zero of the things of which you accused him. Try harder, Troy, that was lame. https://t.co/CaxbrxEatq"
748835388207210497,2021-07-25 05:21:53+00:00,1419165991842443266,en,1,1,1,0,"This is so-called contract offered by NUS. They tried to use side money to buy my silence. I accepted it and have donated this money to anti-harassment NGOs, if the best use. @UN_Women @unwomenasia @NOMOREorg @TheJHF @1752Group @awarenews @SexAssaultAware #‰∏≠ÂõΩÂ¶áÂ•≥ÂèëÂ±ïÂü∫Èáë‰ºö https://t.co/8dbOHG7dgZ"
22651620,2021-07-25 05:44:26+00:00,1419171665121062913,en,3213,912,3918,1673,Long thread: Yesterday @aliceysu and I were out in Zhengzhou when we were surrounded by an angry mob. 1/11 https://t.co/goGDlzx7iU
1365327733648216064,2021-07-24 23:41:07+00:00,1419080233832140802,en,22,2,1,1,So glad my sister don‚Äôt gaf about y‚Äôall. FCK y‚Äôall and KYLIE how about that https://t.co/QqpRiiWSrN
234694571,2021-07-22 08:22:55+00:00,1418124383273504769,en,5973,228,873,1304,"Whenever Tories say ""I guess Brexit isn't working outü§∑"", REMEMBER:

People lost friendships trying to stop this.
People lost marriages trying to stop this.
People were harassed, abused &amp; assaulted trying to stop this.
Jo Cox died trying to stop this.

Sorry doesn't ***** cut it."
1213960012755656704,2021-04-02 12:53:44+00:00,1377967484389756931,en,11396,478,96,3071,It's Shut the Fuck Up Friday https://t.co/GXicZ7pClg
98251968,2021-07-23 14:08:55+00:00,1418573845628395527,en,6896,389,392,1927,I need to share this traumatizing experience with law enforcement that happened to me a few days ago while driving in rural Tennessee. A police officer pulled me over. He approached the passenger side of my car and demanded my license and insurance.
111400999,2021-07-23 20:03:00+00:00,1418662954304692225,en,19175,1874,2852,8472,"A terrible day for thousands of families. In a letter to @SteveScalise, @TheJusticeDept wrote that they were dropping the nursing home investigations in all states including New York. There will be no justice for our loved ones, and it feels like we‚Äôve lost them all over again. https://t.co/DV7uNRMr9D"
7587032,2021-07-22 21:47:33+00:00,1418326878843179012,en,77,5,36,15,Man was harassed by bear for a week before being rescued in Alaska https://t.co/hGjZYVxya2
2160517503,2021-07-23 01:16:14+00:00,1418379393001574400,en,2,1,0,0,Oso do not b fuckin w u if u on a bike üò≠üò≠
66600951,2021-07-21 17:26:28+00:00,1417898786421157892,en,39,2,0,7,"please subscribe and support my journalism so insider will let me keep writing my favorite kind of stories, aka stories about rich people being insane  https://t.co/7kgTtngBSe"
126819958,2021-07-22 01:20:00+00:00,1418017955841982465,en,8941,519,266,1020,"An Activision Blizzard spokesman sent me a lengthy statement calling the allegations ""distorted, and in many cases false"" and referring to the California Department of Fair Employment and Housing as ""unaccountable State bureaucrats."" https://t.co/L9RINw0uZ9"
1338338931792756737,2021-07-21 23:52:45+00:00,1417995997679030273,en,16,1,10,1,@drandrewb Thats Ford 4 you! This is outrageous!  Time 4 all of us to stop paying taxes if this is what taxes paid gets us!
17113293,2021-07-22 03:31:20+00:00,1418051007565557764,en,32641,132,134,4810,"Women have never been making up or exaggerating the harassment we receive in gaming spaces. If anything, we minimize it."
946322930031403008,2020-07-25 13:24:47+00:00,1287015945928454145,ko,39982,1475,3729,8726,[ÏºÄÎπà] ÎÉ†ÎÉ† #served https://t.co/7AxEzhmTud
1280967382442352650,2021-07-19 18:06:47+00:00,1417184157197819904,en,137,10,9,21,"This is a rape threat.

It‚Äôs vile and disgusting.

I‚Äôm going to look out for GC transphobes condemnation of this clear example of transphobic violent threats against a cis woman for asking a polite question‚Ä¶

‚Ä¶but I‚Äôm not holding my breath. https://t.co/InnAhCU0v6 https://t.co/WTfJKGD92p"
3158295595,2021-07-19 15:50:27+00:00,1417149845282775042,en,795,44,69,163,"I'm so exhausted of having to defend myself on the street. I was walking to the grocery store and a man started following me. I glanced back because I heard footsteps close to me and he started in with ""don't you talk to people in public?"" I just said ""Don't"" very firmly 1/5"
1158109806,2021-07-19 01:47:31+00:00,1416937714285387778,en,781,383,214,387,"Today, a group of protesters staged a series of ‚Äúmaskless shopping‚Äù protests in stores across Westwood in defiance of LA‚Äôs new indoor masking order. Los Angeles has seen a large surge in COVID-19 cases in the last 2 weeks, driven by the highly contagious Delta variant. https://t.co/vZgjzlTiRI"
1071762790220627968,2021-07-19 03:37:50+00:00,1416965478853931009,en,0,1,0,0,"@queerlambzy I can somewhat understand, and I'm not asking you to be civil with me, but I am trying to gain some perspective here bc I just don't understand /g"
1381605067980214274,2021-07-17 06:32:15+00:00,1416284596531048448,en,503,2,6,4,"@marIonbando @sevynjewels @Toolie__xo @Lianitis I mean we get beaten harrassed and raped all the time, SOMETHING has to be easy"
1148021608608518144,2021-07-16 05:33:04+00:00,1415907313194471426,en,33,1,2,4,"Blue bird website users will really strawman, ad-hominem and harass someone out of existence for having the uh oh nono wrong opinion and then act like they're super virtuous and doing the right thing huh"
1615623950,2021-07-14 09:14:11+00:00,1415238184791904257,en,173,19,21,2,"@Castle_454 @lokiuscomfort #Loki spoilers
,
,
,
,
Go to your own page and leave lokius fans alone. We need some comfort and you're not helping"
17799686,2021-07-13 22:02:22+00:00,1415069116780748800,en,38,38,162,7,"I talked very briefly by phone to Rep. John Thompson this afternoon. He said he had ""no comment, I've released a statement.... please respect the privacy of my family and me"" @wcco 6pm"
1267150310981550081,2021-07-12 00:17:06+00:00,1414378246980792321,en,34,1,1,0,everyone whos harassing and shittalking southpaus is so fucking weird bro do you not see the hypocrisy in that??
2217647247,2021-07-11 16:04:05+00:00,1414254175312097281,en,467,19,0,30,"Yes, it‚Äôs true. There are some conversations/songs/artists that I will never touch (or will no longer touch) because the harassment, death threats, and racial abuse over honest opinions is too much. I value my sanity and my safety at the end of the day."
1040724770482991104,2021-07-11 15:04:01+00:00,1414239057241120770,und,3,1,0,1,"#RespectTickTackTickle 

Now."
2638943521,2021-07-10 16:34:30+00:00,1413899443036958725,en,42120,867,547,1493,okay... am I insane for thinking it's normal to ask someone on a date on a dating app? https://t.co/vasnWH2ILI
2837783607,2021-07-10 23:32:46+00:00,1414004702661025802,en,233,11,14,61,That locker room really ALWAYS stays silent when shit happens to Naomi. Absolutely ridiculous.
996295381242626048,2021-07-10 16:56:57+00:00,1413905089408864261,en,23278,662,279,4348,"""army twt is so toxic n problematic""

the army twt in question: https://t.co/NkmTRd00mW"
18238409,2021-07-08 23:18:48+00:00,1413276410186276864,en,5608,786,1242,2551,"Okay twitter, do your thing. Not only is this hideous troll racist, she's also trying to get this man's dog killed. 

People really grow increasingly more disgusting day by day. 

I hope this racist, animal abuser gets what she deserves. 

#AnimalAbuse https://t.co/1T2D9F1F4E"
1381364092703752194,2021-07-08 19:32:31+00:00,1413219464796069904,en,9,1,5,1,My blocking policy is now harassment and genocide denial. So if you are blocked that is why
1232311480734760964,2021-07-08 08:06:41+00:00,1413046868423045125,und,183,50,41,4,i- https://t.co/Sdi3GBQOES
380648579,2021-07-07 15:24:08+00:00,1412794571621294080,en,3498,1825,1724,920,"#BREAKING Trump announces lawsuit against Facebook, Twitter, Google https://t.co/7AozcytRZ1"
1387854780337463298,2021-07-06 21:28:10+00:00,1412523795433377799,en,8957,57,88,450,"Jenna Marbles.
that‚Äôs it. that‚Äôs the tweet. https://t.co/BWdezoyt22"
1303239292886683648,2021-06-30 03:34:35+00:00,1410079290113380360,zxx,808,2323,13,63,https://t.co/FrGgXjthPN
132795126,2021-07-06 17:47:13+00:00,1412468189989011458,en,1,1,0,0,"@SirronN Interesting that you don‚Äôt deny harassing Laura. Because you can‚Äôt deny something that‚Äôs true. And that permit applies to your half of the space - doesn‚Äôt mean you get to take over your neighbor‚Äôs space, too. @Fiesta_SF isn‚Äôt wrong"
224160730,2021-07-06 01:38:46+00:00,1412224472958967816,en,13,6,6,7,@gobbledeegook @davidbewart This is how she voted https://t.co/xxGahM9nq0
1374320366433271810,2021-07-04 14:44:32+00:00,1411697441183764485,en,545,595,133,18,how you look when you‚Äôre not a proshipper https://t.co/Kiydlq1tgc
327947032,2021-07-03 07:56:13+00:00,1411232297945382918,en,21,2,13,0,"If you have seen anyone in an exchange with man o war at Mokola this early morning, it is me and my camera."
437862463,2021-07-03 11:32:05+00:00,1411286619928285190,en,2,3,1,0,"I wasn‚Äôt going to respond until I saw that 5th word. 

@Ko_Army22 disagree with my tweet all you want but to tweet some stupid shit like this, is fucking unacceptable. You need to get your life together. I hope you find peace with whatever hurt you. https://t.co/BF5yu8C3l3"
234610679,2021-06-30 18:14:23+00:00,1410300699343265799,und,192491,4581,722,14791,üò≠üò≠ https://t.co/5t3x4onLXS
1101364038,2021-07-01 12:34:28+00:00,1410577544588394498,en,81843,1469,80,34622,i passed the hardest moment alone while everyone thought i was fine
1369428696428384274,2021-07-02 06:33:36+00:00,1410849115886469120,en,65,2,2,19,this freak has been making disgusting tweets and shading chaennie for how long despite having an ‚Äúot4 era‚Äù ü§î thread of people including blinks who follow especially after the first tweet https://t.co/PdttCNbsaw
1368198327813033985,2021-07-01 05:20:13+00:00,1410468260429053958,en,0,1,0,0,"‚Äútell him ‚Äòbugs work harder than you do, matthew‚Äô‚Äù
‚Äúbro..,.you‚Äôre triggering me‚Äù"
962040805580972032,2021-07-02 00:16:10+00:00,1410754131413843970,en,883,60,78,68,"i'm taking a break from this fucking fandom, i just wanted to draw two favs of mine together like i do with the kunoichis but you insist on demonizing everything i say and i no longer have mental health https://t.co/OuTBIiFpBs"
213243802,2021-07-01 08:44:44+00:00,1410519728259538946,en,135,2,6,32,"So, our initial thoughts were spot-on.

An anti-vaxxer, drunken, Tory yob.Ôøº

Worse still‚Ä¶ an estate agent. https://t.co/MxdoqvhWPL"
1253180374328410114,2021-07-01 05:32:05+00:00,1410471249415913480,en,26,1,9,3,Wonder how the Midas x Jules shippers felt knowing Jules was Midas' daughter when it was first announced with the Jules NPC üò≥
14173315,2021-07-01 00:32:03+00:00,1410395743844712451,en,193,37,18,101,"Actor James Franco has agreed to pay over $2M to settle a sexual misconduct lawsuit filed by several of his former students, according to court documents seen by @NBCNews. https://t.co/hF0AcvTZVa"
1020246352159289345,2021-06-30 06:20:57+00:00,1410121157488095246,en,2711,296,432,983,"You guys can't believe what's happening to me. This chick wants to undress &amp; get inside my car, I'm scared for my life üò≠üò≠üò≠ https://t.co/5v7buDQmUH"
1406704377138585602,2021-06-30 04:46:34+00:00,1410097406616621060,en,388,9,5,68,"as a white stan all i can do is listen and uplift black stans voices. this has to stop, its disgusting and unsettling. the fact that ppl can still say these things and think it‚Äôs justifiable is unacceptable. #PROTECTBLACKENGENES TW//racism https://t.co/7tG9OiXYo0"
3397005419,2021-06-29 17:06:34+00:00,1409921246268112898,en,5468,371,831,479,Oh man. Cease and desist order came today. Same day as we receive a boatload of #COVID19Vaccines. Whatever will I do. #QAnon üôÑ https://t.co/0nYsGTNKfc
137417478,2021-06-29 18:17:47+00:00,1409939165064708100,en,1,1,0,0,@KarenUnrue @LoudMthBrownGrl Missed that and will continue to enjoy your tweets. Sorry you had to tweet that. ‚ù§Ô∏è
7587032,2021-06-29 05:00:00+00:00,1409738398986866696,en,933,714,1324,278,"Footage has emerged of Professor Chris Whitty being manhandled by two men in the street.

Get more on this story: https://t.co/52fhwoexOm https://t.co/7Ve3Dc5KCJ"
29518466,2021-06-27 22:40:47+00:00,1409280579401654272,en,117,17,92,20,"This IS surprising. Figured she was going to hang around for a while longer. Must be an appointment in the offing. Catherine McKenna retiring from politics, creates possible opening for Mark Carney | National Newswatch: https://t.co/cm35b5mduN"
3162048481,2021-06-27 20:40:48+00:00,1409250380911824898,en,723,24,187,89,What would you do if you were me and got booked with a girl who let her husband drug and rape you a few years back?
39714276,2021-06-27 09:17:38+00:00,1409078457917579267,en,1,1,1,0,"OKAY THAT'S IT I FUCKING HATE THE HABS FUCK OFF STAY OUT OF MY VTUBER SPACES FUCK Y'ALL FUCK Y'ALL FUCK Y'ALL

GOD DAMN IT, FUCK Y'ALL GET OUT

whoever had calli think the habs were heroic or shit you're on my shitlist fUCK ALL OF YOU

ugh

Live: https://t.co/L29fgOKXxl https://t.co/R05zzc4Tww"
3064642442,2021-06-24 17:11:35+00:00,1408110567575810048,en,5852,167,1125,307,"This isn't ok. I've also had someone threaten to rape me.

You can think I'm ugly, I'm a terrible fighter, I suck at cod; you don't even have to like me, but do fucking better.

I get absolutely harassed and cyber bullied every day as a game, and it's not ok. We need to do better https://t.co/RoPe96IqPB"
14408989,2021-06-25 17:15:01+00:00,1408473821934460932,en,0,1,0,1,‚ÄòThat boys‚Äô club mindset needs to be dismantled‚Äô; Former Wormtown Brewery employees seek legal action after reporting harassment https://t.co/4fyezBJDaM
3998450825,2021-05-16 18:48:47+00:00,1394001903458082823,en,1,2,0,0,The economy must really be hurting out in Hollywood. Ricky Schroder begging for his money back from Costco is pretty...pretty sad to see.... https://t.co/71BxH3KEZL
2352629311,2021-06-25 16:30:32+00:00,1408462624187203587,en,11458,779,4694,3918,"My sister is a doctor and a Navy vet. She spends her life serving others. This week, a Democrat group has come to her clinic during working hours multiple times to harass her and her patients, driving a billboard truck around the clinic - all because she‚Äôs my sister"
1104491880492998663,2021-06-24 23:06:07+00:00,1408199790555500548,en,721,132,179,116,"Tell me this is a joke‚Ä¶‚Ä¶.

It‚Äôs gotta be a joke!!!!!!

#WWERaw #Smackdown #WTF https://t.co/fMxqNWAvpF"
2785011443,2021-06-24 16:47:35+00:00,1408104528390598656,en,8315,47,26,1294,‚Äúwho cares?‚Äù is truly such a shitty response to someone coming out. it‚Äôs just a smooth way of pretending homophobia/transphobia doesn‚Äôt exist and gaslighting a queer person for ever having struggled with who they are
1068875149,2021-06-24 16:54:31+00:00,1408106274554740736,en,209,26,14,54,"I've posted several times about threatening emails sent to my institution. The emails were sent by sent from an account that matches the Twitter handle of someone who is also an academic, not in my field, and who has been trying to police my conduct since November 2020. 1/ https://t.co/sC6BKYjDPd"
756821247141502980,2021-06-22 13:58:46+00:00,1407337266628923412,en,3425,1841,381,313,sharon stone out there ending her own career‚Ä¶ https://t.co/3s8rnwNG89
111352327,2021-06-22 18:39:23+00:00,1407407888864354307,en,239,10,9,115,"We Condemn Islamophobic, Anti-#Palestinian, Anti-Immigrant Incidents Targeting Muslim Family at The Wheatley School Graduation ‚Äì #WeStandwithHuda

School must condemn harassment and provide safe learning environment for Muslims. 

#Islamophobia 

https://t.co/J7Ne1UY1jC https://t.co/GQ5lwiRg2R"
2163127033,2021-06-22 10:18:48+00:00,1407281912037744644,en,423,254,195,441,"VIDEO: ""We are dying,no helper,"" Nigerian police officer laments. https://t.co/vwpdCH6TRH"
25584388,2021-06-19 16:11:38+00:00,1406283540732387332,en,369,8,22,8,To the guy who grabbed my ass last night then snuck away into the crowd FUCK YOU fuckin loser
394343311,2021-06-19 14:14:00+00:00,1406253938383286275,en,524,14,2,30,It's so funny because Britney Spears did the same shit at her age yet no one bats an eye... We ALL know why. https://t.co/0d06hDrjD0
1586804930,2021-06-18 22:04:32+00:00,1406009962585804800,en,2502,1297,880,254,Monica Lewinsky making jokes about something traumatic for Hillary Clinton will never sit right with me.
105581789,2021-06-17 13:29:52+00:00,1405518057318060032,en,47838,1122,253,10764,You can get harassed by a man in front of other men and I can guarantee 99% won‚Äôt do shit. Ask me how I know.
926481468611731458,2021-06-17 10:22:43+00:00,1405470958031306755,en,489,48,50,54,"A final statement on why I'm closing my fundraiser. Thank you for those who stood by me.

Salaam. https://t.co/d2oM0MIkCA"
1021274439017816064,2019-06-19 16:49:06+00:00,1141387440013398016,en,1,1,0,0,Ur such a follower smurf drew etc its snake season all you turn ur back on someone to be relevant LMAOOO on a vr game o ik why cuz yall some social outcast oh lemme use little boy words yall dont fit in LMAO
549376419,2021-06-15 19:48:28+00:00,1404888557416767490,en,0,1,1,0,"@valentinavoight Why you doing this just let it go your  far ahead of that Lil nigga and you know it , be the bigger person and let your success continue to speak for you"
535917366,2021-02-25 05:30:30+00:00,1364809979048452096,en,2753,1077,1,803,just a reminder she was the one who kept getting harassed during her school years. https://t.co/ZFmApyL5ZZ
163987185,2021-06-14 21:17:17+00:00,1404548523174006787,en,124,2,107,3,Good for @mtgreenee. This is a welcome and unexpected show of contrition. https://t.co/BxUwkxu96s
719236395122954244,2021-06-14 21:22:58+00:00,1404549953557573641,en,27778,517,106,2693,if i was a popular youtuber and some of my fans made a bot that posted every single song i listen to on spotify publicly id delete all social media and set my computer on fire
1256413891657183233,2021-06-14 19:54:11+00:00,1404527609459875842,en,55,1,9,0,"‚Ä¶and we‚Äôre back to being sexually harassed on public transportation. 

My intense excitement of riding on the train after a year-ish has been promptly put in check. 

More than a bit distressed, not gonna lie."
113571686,2021-06-14 15:02:56+00:00,1404454313779286026,en,14546,1061,3300,4574,"A Muslim man of yr grandfather‚Äôs age was brutally slapped,thrashed, kicked,his beard was violently cut while he was forced to chant JaiSriRam.
The cutting of the beard was to insult him for his religious identity.
This happened in the name of Hindus.
Your silence is your approval"
944780139480547328,2021-06-12 15:20:50+00:00,1403734041312993290,ko,13621,8790,0,5016,„Ö†„Ö†„Ö†„Ö†„Ö†„Ö†„Ö†„Ö†„Ö†„Ö†„Ö†„Ö†„Ö†„Ö†„Ö†„Ö†„Ö†„Ö†„Ö†„Ö†„Ö†„Ö†„Ö†„Ö†„Ö†„Ö†„Ö†„Ö†„Ö†„Ö†„Ö†„Ö†„Ö†„Ö†„Ö†„Ö†„Ö†„Ö†„Ö†„Ö†„Ö†„Ö†„Ö†„Ö†„Ö†„Ö†„Ö†„Ö†„Ö†„Ö†„Ö†„Ö†„Ö†„Ö†„Ö†„Ö†„Ö†„Ö†„Ö†„Ö†„Ö†„Ö†„Ö†„Ö†„Ö†„Ö†„Ö†„Ö†„Ö†„Ö†„Ö†„Ö†„Ö†„Ö†„Ö†„Ö†„Ö†„Ö†„Ö†„Ö†„Ö†„Ö†„Ö†„Ö†„Ö†„Ö†„Ö†„Ö†„Ö†„Ö†„Ö†„Ö†„Ö†„Ö†„Ö†„Ö†„Ö†„Ö†„Ö†„Ö†„Ö†„Ö†„Ö†„Ö†„Ö†„Ö†„Ö†„Ö†„Ö†„Ö†„Ö†„Ö†„Ö†„Ö†„Ö†„Ö†„Ö†„Ö†„Ö†„Ö†„Ö†„Ö†„Ö†„Ö†„Ö†„Ö†„Ö†„Ö†„Ö†„Ö†„Ö†„Ö†„Ö†„Ö†„Ö†„Ö†„Ö†„Ö†„Ö†„Ö† https://t.co/5K5IWQpsfU
1029818149,2021-06-12 19:31:18+00:00,1403797076203524101,en,1074,9,4,52,been thinking a lot about how america is the most cucked country on earth. when i spent the summer in ireland some nice old ladies were like ‚Äúif a police officer killed one single person here there‚Äôd be riots for years.‚Äù we are a nation of bootlickers who love our oppressors :(
865370937516060673,2021-06-09 22:50:34+00:00,1402760059117969410,en,33,1,2,3,Leave Hope and Matt alone. They obviously are going through a hard time and need time to heal and improve. Give them time. Dont be a dickhead about anything.
1377009967987838978,2021-06-11 17:48:47+00:00,1403408887068467200,en,0,1,0,0,@CHistorians I fear if I take the jab as have had anaphalexus when I took pennicilian when I was 9 nearly died
1238904572921462789,2021-06-11 02:18:02+00:00,1403174656329367552,en,7,1,0,0,@FizziCarousel you accidentally said someone was cishet when theyre not um i hope u dont get harrassed but u should prob delete that tweet üò≠
14204133,2021-06-07 01:04:06+00:00,1401706498519015431,en,4659,2849,465,771,Burger King Customer Tells Employee Her Uniform Is A ‚ÄúDistraction‚Äù To Her Husband https://t.co/xs1Xpf22k5 https://t.co/aXoqVyEFJr
420831231,2021-06-07 06:47:59+00:00,1401793042089132032,en,22441,677,103,4391,"Again, Pride is not for children. It‚Äôs not supposed to be child-friendly.

It‚Äôs not actually a parade. 

It‚Äôs a protest. 

It‚Äôs a remembrance. 

It‚Äôs a reminder. 

And it‚Äôs for adults.

It‚Äôs not just a cute family summer outdoor event"
17995040,2021-06-08 11:13:57+00:00,1402222361919774720,en,41282,285,709,5867,"No tribute from Joe Biden for the men who risked their lives on D-Day. He did, however, spend yesterday tweeting about the bravery of trans people. As I've said for years, our definition of bravery has shifted rather radically since Normandy."
2457475298,2021-06-07 05:13:01+00:00,1401769139136450560,en,7092,237,170,902,I don‚Äôt understand https://t.co/GCaleUjLjS
3303002295,2021-06-06 14:05:30+00:00,1401540757966573574,en,6227,477,618,1953,"A white man in the wealthy Pacific Heights neighborhood of San Francisco harasses 
a Black delivery man and threatens to call the police. 
Big mistake. Huge! 
Part 1. https://t.co/nUqi4ZpypN"
36809340,2021-06-04 20:47:36+00:00,1400917172151631872,en,34355,317,166,3599,"Y'all. My husband is on the train platform waiting for his commuter train. A sparrow is bringing him cicadas - 3 at this point - and Hubs is cutting them into smaller pieces for the sparrow to eat. 

My husband is a hardcore Disney princess."
718595900,2021-06-04 10:54:32+00:00,1400767923837415426,en,1416,275,436,1158,"Thank you to everyone who retweeted and shared this post. 

Unfortunately my cousin was brutally raped and murdered. Her body was found at a neighbours home. Thank you so much bethuna. ‚ô•Ô∏è‚ô•Ô∏è https://t.co/oNg2lZ2h5J"
1272982194697445376,2021-06-04 10:01:45+00:00,1400754637796515844,en,141,1,4,1,I can't see my notifs or mentions for some reason so hopefully twitter doesn't lock my account or anything üíß
1391967993551282178,2021-05-21 22:54:02+00:00,1395875561038299137,en,5,1,3,1,"Secret discords, rating quid quo pro, nude trading, gang stalking, information harvesting, rampant sexual harassment, general harassment, filing false reports, grooming, witchcraft... @EmeraldDreamUS @Warcraft @BlizzardCS Please investigate our server. You'll learn stuff."
30998492,2021-06-02 21:06:23+00:00,1400197123006636036,en,1,1,0,1,@LaffGotta @panda_editing 'not sleeping with the director' isn't laffable. I would remove it from my profile if I were you. Twitter is a politically savvy place. #metoo
1217193976211681282,2021-06-02 01:08:37+00:00,1399895694643707907,en,466,20,108,89,"harassment

Read: https://t.co/XPQUCp2rkk"
1360339189011800067,2021-05-29 22:06:36+00:00,1398762724834828291,en,820,150,53,213,"Harassment has pushed me to post a family #miniatures thread. It's important to me for you to share this. Show all those harassers that inclusivity, enjoying, sharing,&amp; being kind are important. That more people care about this than keeping the hobby pure. Use #ISeeYouKristy 1/10"
14394076,2021-05-31 05:45:03+00:00,1399240485575688194,en,4664,121,78,861,"the more i talk to, genuinely engage with, and ask questions of people that are mad about gaming journalists the more i come to understand that all of their complaints are rhetoric drummed up by outrage-baiting, and have no basis in reality"
2713460383,2021-05-30 21:08:46+00:00,1399110559069622274,en,25,3,25,2,"This is harassment @ohemdudegee @AngelicDivinity and I don‚Äôt deserve this!! We blocked @SuperLoc840 because of his horrible behavior so he decided to make a fake account and do this!! 

This is beyond unacceptable and now I‚Äôm pissed üò§ https://t.co/vfSKexCZoD"
20945702,2021-05-29 18:13:39+00:00,1398704103874727937,en,2,1,2,0,"@brumbyoz @DesiDxb @karunanundy @accountnew7 @VidyaKrishnan You're twisting my words.
My exact words are in the attached tweet.
FYI, if a woman were to do this to me, I wouldn't mock her or take advantage of her situation. I'd be concerned &amp; advise her to seek professional help.
But again that's just me.
https://t.co/BKbh4by2hc"
16558943,2021-05-29 10:47:31+00:00,1398591830497837062,en,1331,258,127,1335,"EXCLUSIVE üö®

Campaigners and carers are demanding the government publish its long-awaited review into ‚Äúbarbaric‚Äù benefits rules forcing terminally ill people to attend work assessments

The full story from PoliticsHome üßµ/1

https://t.co/Ruj9yLoKaC"
101002059,2021-05-27 10:31:22+00:00,1397862988930035712,en,2,1,1,0,"@aziz0nomics @davidboxenhorn @_Brahbra @IphoneComunist @bariweiss @nvk unfortunately some Jewish Israelis *do* want to kill Palestinians. It's not blood libel to say so, either. The desire to kill people who threaten your life and your wellbeing is a universal human trait. It's antisemitic to say or imply that Jews don't have human feelings."
1240719090299346944,2021-05-27 10:54:43+00:00,1397868866898960390,en,0,0,2,0,"@davidboxenhorn @Frances_Coppola @_Brahbra @IphoneComunist @bariweiss @nvk Sure. But nearly every Israeli is conscripted into the IDF. So a small number can cause a lot of friction.

My father told me an account where he was personally abused by a soldier who identified as a supporter of Meir Kahane at a checkpoint in the West Bank."
2835451658,2021-05-28 16:26:47+00:00,1398314822094131200,en,2073,72,275,812,"This happened last summer when #antifa was attacking a police station in southeast Portland. It was just one night in the 120plus days of riots in the name of ‚Äúanti-fascism.‚Äù After the federal officers withdrew, the antifa turned their attention to residential areas. https://t.co/YlLOCNlxfj"
734334955996762112,2021-05-27 08:40:18+00:00,1397835037861687297,en,23048,68,34,4496,Aphrodite found jobless https://t.co/lgYzYMcug3
1308384938866151424,2021-05-27 04:17:18+00:00,1397768852524707841,en,2,9,2,0,"üê∫: I'm gonna' cry
 I am the only one cut from the #TRANSDIMENSIONALCOLLISION and yes I am upset. But the amount of disrespect said to me in #COLLISION GC is wrong. I didn't deserve that... I didn't do anything wrong... Yes I reacted bad but I didn't deserve to be insulted-"
956293079815933955,2021-05-27 00:21:04+00:00,1397709403260870658,en,0,0,1,0,@junosorbit Who is tinder jeff
2277287273,2021-05-26 20:10:38+00:00,1397646378013184005,en,63,4,52,4,I‚Äôm being targeted by a fucking hate crime. I‚Äôm crying and angry. https://t.co/fGbIBe3h9C
1060688494538952705,2021-05-25 00:42:18+00:00,1396989971295358979,en,222,43,8,54,"One of the things I can't agree with Mainstream feminism is the condemnation of femininity, because they preach that if a woman shaves, do her eyebrows, her hair, have hygiene and likes to take care of her appearance she's just performing all that to please men."
135418508,2021-05-25 16:10:33+00:00,1397223571760500736,en,4,1,2,0,"@haiyabokhari Well, what does the law say about wearing sleeveless versus kissing publicly? I think acts of 'indecency' are not allowed while law doesn't stop you from wearing sleeveless. If you want to deviate from the accepted culture as well as the law, then be prepared for a pushback."
1351531947051413506,2021-05-25 15:15:26+00:00,1397209701717266440,en,4,1,0,1,"""Sometimes people hear my story and assume this was an issue of one bad apple‚Äîone bad McDonald‚Äôs store, one bad manager. But that‚Äôs not the case. McDonald‚Äôs has a widespread #SexualHarassment problem, from the C-suite to the drive-thru.""

https://t.co/UE9Sz6AiF9"
1264591993348534272,2021-05-24 14:03:17+00:00,1396829156797726728,en,2704,150,747,133,Wow. Speechless. https://t.co/NN0wUH53xK
216776631,2021-05-22 01:06:30+00:00,1395908895479054339,en,63400,599,1877,9058,"We‚Äôve recently seen disturbing antisemitic attacks and a troubling rise in Islamophobia. If you are committed to¬†a future of equality and peaceful coexistence, please stand united against anyone who promotes hatred of any kind."
715895844,2021-05-22 16:40:15+00:00,1396143884346998786,en,324,7,12,25,Can't wait to see my Islamiat teacher in Jahannum
766325395708870656,2021-05-22 16:35:40+00:00,1396142727998418953,en,256,62,218,34,The MS 136 principal must apologize for her email. This was a clear exercise of poor judgment &amp; we will take appropriate follow-up action. We must teach complex current events without bringing our political activities or beliefs into the classroom.
9511932,2021-05-13 20:56:00+00:00,1392946752404209670,en,2,1,0,1,"Gov. Cuomo on Thursday said if he made women ""uncomfortable,"" that was not harassment. 

His remarks were a misleading description of workplace sexual harassment laws, according to attorneys familiar with the statutes and policies.
https://t.co/tA1H2irkOO"
886398296146706432,2021-05-16 14:13:10+00:00,1393932542147977217,en,24924,6824,11107,5527,Former child star Rick Schroder harasses a Costco employee over face masks https://t.co/HRlWeJJlt1
1295373733041860608,2021-05-17 09:25:58+00:00,1394222650919170049,en,4,1,2,0,Is this a good thing or a bad thing üòÇ still tryna understand how this is a diss you sound like a straight boys locker room homophobic MAN stop üòÇ https://t.co/KiTYDjArMF
1337570062027403264,2021-05-16 15:22:26+00:00,1393949971712458753,en,913,213,66,201,"i never do anything like this but now that someone spoke up about it, i feel like i should too. this is the experience i had with @/flirtytae / daja"
268024780,2021-05-15 19:01:49+00:00,1393642795135553537,en,0,1,2,0,"@BabiiiKevi Imagine greeting someone having an ""age barrier"" on it... plus I'm 23 didn't know that was to old"
268024780,2021-05-15 19:04:35+00:00,1393643492262522884,en,6,0,1,0,üíÄüíÄüíÄthis thread got me fucking DEAD! https://t.co/w6Sf5irkkJ
1111713536269582337,2021-05-14 14:29:20+00:00,1393211833624973312,en,207,39,607,8,"@davidhogg111 I dont care what anyone thinks. I will wear my mask . And if you try to harass me or my family, pray that I'm in a good mood that day."
930160940200415232,2020-04-26 21:19:27+00:00,1254520489814495232,en,3298,105,68,1431,"Is it mentioned anywhere in sex ed that imagination is a normal part of sexuality for most people and it is not necessarily connected to reality for many? Because the youth who cannot seem to deal with this are legion. And it is NOT a difficult concept, really."
3316965062,2021-05-13 14:10:13+00:00,1392844634775293958,en,271651,9535,4860,63174,i worked at Chick fila and today I quit. here is a summary as to why. https://t.co/IC7BkOYpCy
1392653535486136329,2021-05-13 07:20:43+00:00,1392741580910510080,en,3691,1116,91,926,"Veechu was harassed off of twitter after using the phrase 'freed from the shackles' whilst replying to a mutual. Now, before I begin my point I would like to explain that in no way am I trying to invalidate anyones feelings but trying to bring forth how"
76471879,2021-05-11 23:56:36+00:00,1392267428533399552,en,12,4,2,4,"Here‚Äôs a very preliminary trailer, made from a stock Apple template, to give you a sneak peak at my vision of Trumpian reality, even more terrifying and darkly comedic than our own, occurring Meanwhile, one timeline away‚Ä¶ Story overview: https://t.co/hqaTLvIK80 https://t.co/oEURG3jAzS"
138203134,2021-05-13 01:55:22+00:00,1392659702241181700,en,14315,42,292,2285,"So what happened between 3:19pm and 5:08pm on Jan 6th?

4:08pm: Pence makes an urgent call. He told the Sec of Defense to ‚ÄúClear the Capitol.‚Äù

At 4:32pm, hours after seige began but minutes after Pence call, the SecDef gave *verbal* authorization to send Nat Guard to Capitol"
1281001584948846593,2021-05-13 01:33:49+00:00,1392654280990076935,en,1,1,1,0,"@DAngeledes They hired me claiming I‚Äôd be like a barista (I had prior experience), but just put me on the grill. 90% plus there was rarely anyone on the fryers, so did that too), the assistant managers verbally and sexually harassed me. One even got another guy to grope me/kiss my neck."
39364684,2021-05-12 18:50:11+00:00,1392552701515370496,en,39438,2767,13201,1003,"Not a lot of people are lucky enough to be held accountable for all their past bullshit in front of the entire world. I‚Äôm mortified and sad at who I used to be. I was an insecure, attention seeking troll. I am ashamed and completely embarrassed at my behavior but that..."
818225108,2021-05-12 00:33:39+00:00,1392276751384989700,en,2,1,0,0,@drewwpg I worked 2 hours after getting #AstraZeneca and then worked the full shift next day. I just kept saying it‚Äôs only side effects... I can deal with with. It was tough but I‚Äôm one tough cookie! #Covid19MB #covid19 ain‚Äôt gonna stop me because I‚Äôm #vaccinated 1 of 2 2nd booked too!
1353944163599802368,2021-05-12 14:02:01+00:00,1392480183366479874,en,423,7,34,23,"To be honest, this is why i am heartbroken if the leaks are true. My freedom as an artist is restricted by people like these. If I say Eremika will have babies in the their next life, I will be met with ‚Äúno, becoz canon this‚Äù. Although EM never had competition. https://t.co/SUXyj9kYAc"
1224911143149408256,2021-05-12 00:26:56+00:00,1392275061604769794,tl,0,1,1,0,@fanaagooo hahahahahahahaha https://t.co/XO42efeLa7
1313819252537782272,2021-05-11 16:29:57+00:00,1392155024172544005,en,3,2,1,0,"// cw banana scandal spoilers
// tw child abuse

WAIT i think i know the trauma Taehwan experienced. This is just my guess, but remember how TH hated YW for kissing him while he's sleeping? I think Mike(?) either touched TH or jerked off while TH was sleeping. https://t.co/yNDtyL3ZuC"
15766082,2021-05-10 15:33:29+00:00,1391778428467228673,en,91,4,14,34,I joined @JohnBerman on @CNN @NewDay to talk about the Congressional investigations into the Wuhan lab accident covid-19 origin theory: https://t.co/R4fhlYMypu
751009198087995392,2021-05-10 08:40:00+00:00,1391674368263172098,en,10592,1194,1430,3308,"This lady inside the bus was using the back of her hand to rub my leg (I was wearing shorts). I shifted and few mins later, she came closer and continued.
I told her to stop and she said ""I am sorry, I will try"".

I got down early and treked  to work today."
1225429281481875458,2021-05-10 03:12:23+00:00,1391591923031363586,en,64525,184,613,385,i had a bad episode tonight which was incredibly embarrassing. i usually hide this from my online life. ive deleted all tweets that i tweeted during it and i've talked to friends. iconic it happened during bpd awareness. im going to take a small break ‚ù§Ô∏è
22509070,2021-05-09 21:10:12+00:00,1391500777747881988,en,257,10,25,22,Shout out to @lukeontheradio who covered the anti-lockdown rally with me in uptown Waterloo today. One of the rally goers decided to come up behind me and hover over me closely. He followed me every time I moved away. Luke helped me out and got him to leave.
1146069338472034306,2021-05-08 21:06:52+00:00,1391137549465366533,en,1050,4,3,285,Talib Kweli is now targeting @noname for defending me and saying he needed to be held accountable for harassing me. She said that last July in the midst of him harassing me for almost a full month before twitter permanently banned him. He is now attacking her via Instagram.
1370419545454698504,2021-05-07 23:37:26+00:00,1390813050882514945,en,24,1,0,5,"cherry was sitting by the pool side with a pink 2 piece sipping on a blue alcoholic beverage while you looked in the direction of the gyaru

#LewdRP #SexRP #OCRP https://t.co/u7KTufqeHg"
1341694649807720448,2021-05-07 05:05:41+00:00,1390533270673051648,en,7577,445,1066,2714,"When one has no news, they create fake news. https://t.co/r7jHrq1OdD https://t.co/MfBPuSAW2R"
1163314903236485122,2021-05-05 04:22:23+00:00,1389797600056942594,en,488,91,88,53,"I will never support Armenia. 
I will always support Azerbaijan.
The Armenians harassed my niece, because of my support for Azerbaijan. So I will never forgive them."
707894754651013122,2021-05-06 12:09:32+00:00,1390277549083791360,en,23,5,3,2,"All the shit Leigh went through is just as serious &amp; fucked up as jesy's struggles but yall gotta realize that when a person is suicidal they CANNOT be there for their close ones even if they wanted. Depression is not a fucking joke it's an illness, bout time u take it seriously https://t.co/C6zV3igt08"
1343173206065045504,2021-05-04 20:21:29+00:00,1389676578750140419,en,5588,82,63,705,cry about it https://t.co/S4TEAN1ItA
5692542,2021-05-03 16:42:05+00:00,1389258973526773762,en,26,4,6,21,"The @statesman found that women who work at the Texas Capitol are subjected to sexual harassment on a regular basis and don't speak out for fear of losing their jobs.

Here's what you need to know about the culture at the Capitol, via @madlinbmek https://t.co/0wSMVRycQk"
83353811,2017-12-16 12:13:36+00:00,942004784726446080,en,2,2,0,1,@judeinlondon2 Few people disgust me more than tragedy conspiracists. How entitled to you have to feel to mentally erase grief on that scale just cause you feel like doing so?
50393960,2021-05-03 20:30:19+00:00,1389316412259270657,zxx,206856,58738,0,36724,https://t.co/padmHSgWGc
1020368561552969731,2021-05-03 16:08:07+00:00,1389250428387434497,en,60,14,6,42,"Pixel really needs our help, so please spread the word. It would be much appreciated. https://t.co/k0KXzYoN9p"
953663868659798017,2021-05-03 12:07:12+00:00,1389189798850564096,en,32933,1555,2925,3172,"ARMYs, I deeply apologize about the tweet worded wrongly in the below as a reply I made in 2018. I meant it's okay if he didn't want or didn't feel to talk in the interview, not everybody should talk by force. But I didn't deliver the meaning well and used wrong words, so sorry. https://t.co/QpzJWt8MSd"
1253116554633342976,2021-05-02 18:29:29+00:00,1388923613751955458,en,22715,440,2527,2613,"I took my 80 yr old dad to a shop today because he is dying of depression at home,fearful of going out.He was like a toddler on Xmas a.m.until some dudebro started harassing us in the parking lot because we were wearing our masks. He made my dad cry. I cant even anymore with this"
2882693968,2021-05-01 16:00:38+00:00,1388523766213488643,en,116,89,1,0,"i‚Äôm wording this as carefully as i can. it was wrong of me to reach out to tajs agent in hopes of getting her to stop harassing me, but in a moment where my mental state was either do something drastic or try and find someone who should have some authority to help, i chose that."
886398296146706432,2021-04-26 03:55:39+00:00,1386529380529225730,en,13716,3139,3698,4452,Homophobic POS in Tennessee harasses a teenager for wearing a dress to prom https://t.co/Ftt2a184jX
3227396232,2021-05-01 00:48:44+00:00,1388294281580843012,en,1,1,0,0,"@PegLulu2 Ya, I was called a hag the other day for thanking @JoeBiden.  Might‚Äôve been the same idiot. All you can do is block them and forget it.  They‚Äôre a vile lot."
1139189085241794562,2021-04-29 13:12:35+00:00,1387756701525422087,en,16580,3810,1367,2739,Creep approaches teenage girl while she‚Äôs live streaming üòêüòñ https://t.co/tJa1ZI7Nan
